Year,Player,Pos,Age,AV,Height,Wt,40YD,Vertical,Broad Jump,3Cone,Shuttle
2021,Landon Young,OT,,,6-Jun,310,5,30.5,108,7.7,4.89
2021,Kenny Yeboah,TE,22,,3-Jun,250,,34,116,,
2021,Nahshon Wright,DB,,,4-Jun,183,4.46,31,126,7.24,4.57
2021,Zach Wilson,QB,21,,2-Jun,214,,,,,
2021,Marvin Wilson,DT,22,,3-Jun,303,5.12,25.5,107,7.64,4.91
2021,Marco Wilson,CB,22,,11-May,191,4.37,43.5,136,6.8,4.13
2021,Trill Williams,CB,21,,2-Jun,208,,36,123,,
2021,Seth Williams,WR,20,,3-Jun,211,4.49,37,124,7.2,4.43
2021,Rodarius Williams,CB,24,,11-May,189,4.5,36.5,123,6.98,4.15
2021,Pooka Williams,RB,,,9-May,170,4.46,31.5,118,7.03,4.26
2021,Milton Williams,DL,21,,3-Jun,284,4.67,38.5,121,6.96,4.33
2021,Marlon Williams,WR,21,,11-May,209,4.63,33.5,119,,4.57
2021,Javonte Williams,RB,20,,9-May,212,4.55,36,123,6.97,4.09
2021,Avery Williams,CB,,,8-May,187,4.43,33.5,121,6.88,4
2021,Rachad Wildgoose,CB,,,11-May,197,4.53,36,120,7.09,4.18
2021,James Wiggins,S,,,11-May,209,4.4,38,127,,
2021,Brady White,QB,24,,1-Jun,210,4.84,29,,6.97,4.33
2021,Pete Werner,LB,21,,2-Jun,238,4.58,39.5,122,6.95,4.38
2021,Mark Webb,DB,,,1-Jun,207,4.61,36.5,136,7.3,4.52
2021,Rashad Weaver,DL,23,,4-Jun,259,4.88,32,114,6.97,4.26
2021,Jamar Watson,OLB,,,1-Jun,241,4.78,30,,7.31,4.58
2021,Ar'Darius Washington,S,21,,7-May,178,4.61,37.5,127,7.06,4.1
2021,Tylan Wallace,WR,21,,11-May,194,4.48,33,112,6.97,4.25
2021,Tre Walker,WR,,,10-May,178,4.58,28,113,7.75,4.47
2021,Shaun Wade,CB,22,,Jun-00,196,,,,,
2021,Lamont Wade,S,22,,9-May,190,4.47,35.5,118,7.14,4.34
2021,Alijah Vera-Tucker,OL,21,,4-Jun,308,5.05,32,106,7.67,4.7
2021,Tyler Vaughns,WR,23,,1-Jun,190,4.62,31.5,120,7.13,4.36
2021,Cole Van Lanen,OL,,,4-Jun,305,5.11,30,107,7.34,4.64
2021,Jaylen Twyman,DL,21,,1-Jun,301,5.4,32.5,104,8,
2021,Payton Turner,DL,23,,5-Jun,268,,35.5,,6.98,4.33
2021,Syrus Tuitele,OL,,,5-Jun,311,5.21,26,94,8.25,4.89
2021,Jay Tufele,DL,21,,2-Jun,305,5,30,105,7.8,4.88
2021,Joe Tryon,OLB,21,,5-Jun,259,4.69,35,116,7.18,4.36
2021,Tommy Tremble,TE,22,,3-Jun,241,4.6,36.5,122,,
2021,Kyle Trask,QB,23,,5-Jun,236,5.1,31.5,113,7.08,4.6
2021,Shaka Toney,DE,23,,2-Jun,242,4.51,39,128,6.95,4.28
2021,Kadarius Toney,WR,22,,11-May,193,4.39,39.5,136,6.88,4.25
2021,Tommy Togiai,DT,21,,1-Jun,296,4.97,32,105,7.2,4.49
2021,Zac Thomas,QB,,,Jun-00,205,4.59,30,115,7.06,4.28
2021,Tyree Thompson,LB,,,1-Jun,229,5,31,109,7.87,4.96
2021,Kevin Thomson,QB,,,Jun-00,198,4.75,35.5,126,6.98,4.23
2021,Ambry Thomas,DB,21,,11-May,191,4.37,38,122,,
2021,Tamorrion Terry,WR,22,,2-Jun,207,4.44,32.5,126,7,4.53
2021,Keith Taylor,DB,,,2-Jun,187,4.54,33.5,127,6.85,4.26
2021,Patrick Surtain,DB,20,,2-Jun,208,4.42,39,131,,
2021,Sage Surratt,WR,22,,2-Jun,209,4.66,,,,4.25
2021,Chazz Surratt,LB,24,,2-Jun,229,4.58,31,,7.02,4.16
2021,Amon-Ra St. Brown,WR,21,,11-May,197,4.51,38.5,127,6.88,4.17
2021,Eli Stove,WR,,,11-May,194,4.54,30.5,119,7.34,4.4
2021,Dillon Stoner,WR,23,,Jun-00,194,4.51,37,123,6.96,4.13
2021,Jack Stoll,TE,23,,3-Jun,247,4.6,31.5,119,6.86,4.32
2021,Eric Stokes,DB,22,,Jun-00,194,4.31,38.5,128,6.96,4.36
2021,Benjamin St-Juste,DB,23,,3-Jun,202,4.51,34.5,119,6.63,3.96
2021,Darius Stills,DL,22,,Jun-00,278,4.98,32.5,110,7.18,4.49
2021,Brad Stewart,DB,,,Jun-00,195,4.59,33.5,126,,4.44
2021,Rhamondre Stevenson,RB,23,,11-May,231,4.64,31.5,112,7.09,4.15
2021,Marquez Stevenson,WR,,,10-May,180,4.48,33,122,6.76,4.14
2021,Jacoby Stevens,S,22,,1-Jun,212,4.63,42,130,,
2021,Caden Sterns,DB,,,11-May,202,4.41,42,128,6.96,4.13
2021,Zach Smith,QB,22,,3-Jun,222,5.23,29.5,111,7.26,4.52
2021,Jordan Smith,OLB,,,5-Jun,264,4.8,33,117,,
2021,Ihmir Smith-Marsette,WR,21,,Jun-00,181,4.43,37,124,7,4.2
2021,Brandon Smith,WR,22,,1-Jun,218,4.62,39.5,130,,
2021,Tedarrell Slaton,DL,,,4-Jun,330,5.09,29,109,7.91,4.81
2021,Rashawn Slater,OL,21,,4-Jun,304,4.91,33,112,7.48,4.45
2021,Antjuan Simmons,LB,,,11-May,218,4.8,,,,
2021,William Sherman,OL,21,,3-Jun,304,5.19,26,108,7.71,4.82
2021,Jamien Sherwood,DB,,,1-Jun,216,4.76,36,123,7.15,4.36
2021,Tyler Shelvin,DT,22,,2-Jun,350,5.4,28.5,97,8.15,5.05
2021,Penei Sewell,OL,20,,4-Jun,331,5.13,28,109,7.76,4.68
2021,Trey Sermon,RB,22,,Jun-00,215,4.57,37,125,6.83,4.28
2021,Stevie Scott,RB,20,,Jun-00,225,4.66,31,119,7.14,4.57
2021,Jordon Scott,DT,,,Jun-00,311,,,,,
2021,Anthony Schwartz,WR,20,,Jun-00,186,4.27,32,123,7.13,4.25
2021,Mekhi Sargent,RB,23,,8-May,208,4.62,33.5,114,7.08,4.39
2021,Chris Rumph,DE,22,,2-Jun,244,,,,,
2021,Gregory Rousseau,DL,20,,6-Jun,266,4.68,30,115,,
2021,Asim Rose,RB,,,1-Jun,215,4.51,34,120,7.25,4.62
2021,Amari Rodgers,WR,21,,9-May,212,4.52,33,121,7.07,4.31
2021,Robert Rochell,DB,,,11-May,193,4.41,43,133,6.84,4.08
2021,Aaron Robinson,DB,23,,11-May,186,4.39,37,123,6.89,4.29
2021,Monty Rice,LB,,,Jun-00,233,4.58,32,121,7.34,4.33
2021,Hamilcar Rashed,OLB,23,,2-Jun,251,4.58,35.5,128,7.51,4.44
2021,Peyton Ramsey,QB,23,,1-Jun,215,4.77,28,108,7.28,4.41
2021,Trey Ragas,RB,24,,10-May,214,4.6,33.5,117,7.19,4.5
2021,Dillon Radunz,OT,22,,5-Jun,301,5.16,32,112,7.27,4.57
2021,Blake Proehl,WR,,,1-Jun,186,4.47,36,126,7,4.06
2021,Cornell Powell,WR,23,,Jun-00,204,4.53,36.5,128,7.03,4.21
2021,Kyle Pitts,TE,20,,5-Jun,245,4.44,33.5,129,7.12,4.3
2021,Nick Pickett,S,,,Jun-00,201,4.65,35.5,119,7.4,4.43
2021,Whop Philyor,WR,22,,9-May,184,4.57,31,120,7.2,4.34
2021,Jaelan Phillips,DL,21,,5-Jun,260,4.56,36,125,,
2021,Ronnie Perkins,DE,21,,2-Jun,253,4.71,32,115,,4.69
2021,Kwity Paye,DL,22,,2-Jun,261,4.52,35.3,118,,
2021,Jaret Patterson,RB,21,,6-May,195,4.59,30,117,7.03,4.35
2021,Micah Parsons,LB,21,,3-Jun,246,4.39,34,126,6.89,4.4
2021,AJ Parker,DB,23,,11-May,182,4.53,33.5,117,7.02,4.37
2021,Jeremiah Owusu-Koramoah,LB,21,,1-Jun,221,,36.5,124,6.8,4.15
2021,Jayson Oweh,DE,22,,5-Jun,257,4.36,39.5,134,6.83,4.21
2021,Joseph Ossai,LB,20,,3-Jun,256,4.63,41.5,131,,
2021,Levi Onwuzurike,DL,23,,2-Jun,290,4.89,30,109,,
2021,Azeez Ojulari,OLB,20,,2-Jun,249,4.63,30,127,7.27,4.34
2021,Adetokunbo Ogundeji,DL,22,,4-Jun,260,4.75,32,120,7.17,4.64
2021,Amen Ogbongbemiga,LB,22,,Jun-00,231,4.66,32,112,7.32,4.28
2021,Dayo Odeyingbo,DL,,,5-Jun,276,,,,,
2021,Antonio Nunn,WR,,,11-May,204,4.5,33.5,120,7.12,4.32
2021,Tre Norwood,DB,,,11-May,192,4.58,33.5,123,7.65,4.45
2021,Tre Nixon,WR,,,Jun-00,187,4.44,35.5,125,6.81,4.27
2021,Daviyon Nixon,DT,22,,3-Jun,313,4.9,28.5,106,7.68,4.7
2021,Greg Newsome,DB,20,,Jun-00,192,4.39,40,123,6.9,4.26
2021,Dazz Newsome,WR,21,,10-May,190,4.59,34,121,7.38,4.38
2021,Jamie Newman,QB,23,,2-Jun,234,,,,,
2021,Hamsah Nasirildeen,DB,22,,3-Jun,215,,32,,7.05,4.31
2021,Josh Myers,C,22,,5-Jun,310,,,,,
2021,Jimmy Morrissey,OL,,,3-Jun,303,5.31,31,105,7.39,4.47
2021,Rondale Moore,WR,20,,7-May,180,4.28,42.5,,6.65,4.06
2021,Elijah Molden,DB,22,,9-May,192,4.62,36.5,125,,
2021,Elijah Mitchell,RB,22,,10-May,201,4.38,37.5,128,6.94,4.19
2021,Dedrick Mills,RB,24,,9-May,217,4.65,32.5,117,7.06,4.35
2021,Davis Mills,QB,,,3-Jun,217,4.82,32,110,6.95,4.4
2021,Forrest Merrill,DL,24,,Jun-00,322,5.27,26.5,101,8.24,4.81
2021,Ifeatu Melifonwu,DB,21,,2-Jun,205,4.48,41.5,134,7.01,4.34
2021,Quinn Meinerz,OL,,,2-Jun,320,4.99,32,111,7.54,4.58
2021,Racey McMath,WR,21,,2-Jun,217,4.36,34,124,7.38,4.38
2021,Isaiah McKoy,WR,,,2-Jun,200,4.68,29.5,114,7.09,4.36
2021,Romeo McKnight,DE,22,,4-Jun,252,4.98,38,118,7.06,4.2
2021,Tre' McKitty,TE,,,4-Jun,247,,,,,
2021,Greg McCrae,RB,,,9-May,182,4.57,37.5,124,6.89,4.34
2021,Mac McCain,DB,,,11-May,186,4.45,35.5,123,6.94,4.12
2021,CJ Marable,RB,,,6-May,195,4.59,36,116,7.25,4.39
2021,Branden Mack,WR,,,5-Jun,217,4.66,31,115,7.13,4.37
2021,Isaiahh Loudermilk,DE,,,6-Jun,274,5.08,28.5,112,7.52,4.55
2021,Walker Little,OT,21,,7-Jun,313,5.3,29.5,111,7.44,4.59
2021,Deommodore Lenoir,CB,,,10-May,199,4.48,34.5,121,7.02,4.35
2021,Richard LeCounte,DB,22,,10-May,196,4.79,32.5,128,7.44,4.49
2021,Alex Leatherwood,OL,22,,5-Jun,312,4.96,34.5,118,,
2021,Trevor Lawrence,QB,21,,5-Jun,213,,,,,
2021,Trey Lance,QB,20,,3-Jun,224,,,,,
2021,Tommy Kraemer,OL,,,5-Jun,309,,,,,
2021,Malcolm Koonce,DE,,,2-Jun,249,,,,,
2021,Brenden Knox,RB,22,,10-May,215,4.67,35,112,7.19,4.39
2021,Cameron Kinley,CB,,,Jun-00,197,4.52,33,116,7.06,4.25
2021,Kelvin Joseph,DB,20,,11-May,197,4.34,35,128,7.21,4.22
2021,Brevin Jordan,TE,20,,2-Jun,247,4.64,31,116,,
2021,Robert Jones,OL,22,,4-Jun,319,5.36,,,,
2021,Patrick Jones,DL,22,,4-Jun,261,4.85,31.5,107,,
2021,Naquan Jones,DT,23,,3-Jun,313,5.42,25,100,,4.9
2021,Mac Jones,QB,22,,2-Jun,217,4.72,32,116,7.04,4.39
2021,Ernest Jones,LB,21,,1-Jun,230,4.65,38.5,,,
2021,Zeandae Johnson,DE,23,,3-Jun,270,4.89,27.5,108,,
2021,Patrick Johnson,DE,,,6-Jun,240,4.59,35,119,6.97,4.41
2021,Mustafa Johnson,DE,22,,Jun-00,280,,29,103,7.18,4.51
2021,Josh Johnson,RB,,,8-May,209,4.61,35.5,115,7.16,4.4
2021,Jamar Johnson,DB,21,,2-Jun,205,4.58,35,122,7.22,4.41
2021,Teven Jenkins,OL,23,,5-Jun,317,5.01,32.5,106,7.72,4.66
2021,Jermar Jefferson,RB,20,,10-May,206,4.57,31,115,7.38,4.38
2021,Brenden Jaimes,OL,21,,5-Jun,298,,30.5,112,7.5,4.51
2021,Jerry Jacobs,DB,,,10-May,208,4.53,34.5,120,6.95,4.33
2021,Warren Jackson,WR,,,6-Jun,219,4.68,33.5,123,7.81,4.53
2021,Tarron Jackson,DE,,,2-Jun,254,4.68,29,118,7.45,4.51
2021,Drake Jackson,C,23,,1-Jun,293,,31,,,
2021,Deon Jackson,RB,22,,11-May,218,4.41,36,123,7.15,4.37
2021,Alaric Jackson,OL,22,,6-Jun,321,5.2,25,103,7.7,
2021,Josh Imatorbhebhe,WR,22,,Jun-00,218,4.53,46.5,134,7.1,4.38
2021,Creed Humphrey,OL,21,,4-Jun,302,5.11,33,112,7.5,4.49
2021,James Hudson,OL,21,,4-Jun,313,5.27,28.5,98,8.05,4.79
2021,Wyatt Hubert,DE,22,,2-Jun,258,4.93,32.5,110,7.03,4.28
2021,Chuba Hubbard,RB,21,,Jun-00,210,4.48,36,120,7.24,4.26
2021,Jaycee Horn,DB,21,,Jun-00,205,4.39,41.5,133,,
2021,Jevon Holland,S,21,,Jun-00,207,4.48,35.5,126,,4.14
2021,Darius Hodge,DL,22,,Jun-00,248,4.73,38.5,127,7.16,4.67
2021,Trey Hill,OL,,,3-Jun,319,5.5,,,,
2021,Kylin Hill,RB,22,,10-May,214,4.51,36,122,7.13,4.35
2021,Justin Hilliard,LB,,,Jun-00,229,4.81,34.5,114,7.2,4.34
2021,Malik Herring,DL,,,3-Jun,283,,,,,
2021,Khalil Herbert,RB,,,8-May,210,4.46,33,115,6.96,4.31
2021,Brett Heggie,OL,,,4-Jun,310,5.5,26,105,7.66,4.69
2021,Daelin Hayes,DL,22,,3-Jun,253,4.71,32.5,119,7.17,4.29
2021,Javian Hawkins,RB,,,8-May,183,4.46,36,116,6.98,4.23
2021,Bryce Hargrove,OL,23,,3-Jun,310,5.46,27,97,8.06,5.03
2021,Adrian Hardy,WR,23,,1-Jun,205,4.61,37.5,124,6.96,4.5
2021,Mike Hampton,DB,24,,11-May,186,,,,,
2021,Damar Hamlin,DB,22,,Jun-00,200,4.6,35,118,6.93,4.4
2021,Darren Hall,CB,20,,11-May,188,4.47,38.5,132,7.07,4.28
2021,Robert Hainsey,OL,32,,4-Jun,306,5.2,27.5,104,7.58,4.63
2021,Trevon Grimes,WR,,,4-Jun,220,4.49,35,118,6.98,4.28
2021,Kendrick Green,OL,22,,1-Jun,305,4.89,35.5,119,7.79,4.67
2021,Noah Gray,TE,21,,3-Jun,240,4.55,35,115,6.83,4.37
2021,Richie Grant,DB,23,,11-May,197,4.49,34.5,129,6.78,4.27
2021,Ta'Quon Graham,DL,,,3-Jun,292,4.89,32.5,113,7.31,4.68
2021,Tay Gowan,DB,,,Jun-00,186,4.44,35.5,118,6.88,4.25
2021,Chauncey Golston,DL,23,,4-Jun,269,4.79,36,119,7.52,4.65
2021,Mark Gilbert,CB,23,,Jun-00,186,4.47,36,130,7.05,4.37
2021,Jake Funk,RB,,,10-May,204,4.49,38,122,6.71,4.12
2021,Will Fries,OL,22,,6-Jun,309,5.37,31,115,7.77,4.53
2021,Pat Freiermuth,TE,22,,5-Jun,251,,,,,
2021,Feleipe Franks,QB,23,,6-Jun,234,4.61,32.5,117,7.16,4.22
2021,Stone Forsythe,OL,,,8-Jun,307,5.14,27.5,103,7.47,4.65
2021,Darrick Forrest,S,,,11-May,206,4.42,39,132,6.91,4.23
,,,,,,,,,,,
